"Id";"Designator";"Footprint";"Quantity";"Designation";"Supplier and ref";
1;"C2,C1";"C_0603_1608Metric_Pad1.08x0.95mm_HandSolder";2;"100n";;;
2;"SW17,SW14,SW24,SW12,SW15,SW1,SW4,SW19,SW6,SW13,SW16,SW18,SW20,SW3,SW5,SW11,SW21,SW8,SW2,SW10,SW9,SW7,SW23,SW22";"SW_Cherry_MX_1.00u_PCB";24;"SW_Push";;;
3;"U1";"MODULE_ARDUINO_PRO_MINI";1;"ARDUINO_PRO_MINI";;;
4;"F1";"Fuse_0603_1608Metric_Pad1.05x0.95mm_HandSolder";1;"Fuse";;;
5;"C3,C4";"C_0603_1608Metric_Pad1.08x0.95mm_HandSolder";2;"2.2uF";;;
6;"R25,R26";"R_0603_1608Metric_Pad0.98x0.95mm_HandSolder";2;"10k";;;
7;"J5";"PinSocket_1x06_P2.54mm_Vertical";1;"Conn_01x06_Pin";;;
8;"H2,H3,H1,H4";"MountingHole_2.7mm_M2.5_Pad_Via";4;"MountingHole_Pad";;;
9;"R31,R30";"R_0603_1608Metric_Pad0.98x0.95mm_HandSolder";2;"5k1";;;
10;"U2";"SOIC-16_3.9x9.9mm_P1.27mm";1;"CH340C";;;
11;"J4";"USB_C_Receptacle_G-Switch_GT-USB-7010ASV";1;"USB_C_Receptacle_USB2.0";;;
12;"D1,D2";"LED_0603_1608Metric_Pad1.05x0.95mm_HandSolder";2;"LED";;;
13;"D3";"LED_0603_1608Metric_Pad1.05x0.95mm_HandSolder";1;"Purple";;;
14;"R27";"R_0603_1608Metric_Pad0.98x0.95mm_HandSolder";1;"2K2";;;
15;"U3";"SOT-223-3_TabPin2";1;"AMS1117-3.3";;;
16;"R20,R2,R1,R12,R17,R13,R11,R23,R24,R21,R14,R22,R6,R16,R5,R15,R19,R3,R8,R18,R4,R10,R9,R7";"R_0603_1608Metric_Pad0.98x0.95mm_HandSolder";24;"R";;;
