"Id";"Designator";"Footprint";"Quantity";"Designation";"Supplier and ref";
1;"U4";"ProMicro";1;"ProMicro";;;
2;"SW23";"SW_Cherry_MX_2.00u_Vertical_PCB";1;"SW_Push";;;
3;"R28,R24";"Potentiometer_Bourns_PTA6043_Single_Slide";2;"PTA6043-2015CPB103";;;
4;"SW17,SW14,SW12,SW15,SW1,SW4,SW19,SW6,SW13,SW16,SW18,SW20,SW3,SW5,SW11,SW21,SW8,SW2,SW10,SW9,SW7,SW22";"SW_Cherry_MX_1.00u_PCB";22;"SW_Push";;;
5;"H2,H3,H1,H4";"MountingHole_2.7mm_M2.5_Pad_Via";4;"MountingHole_Pad";;;
6;"R20,R2,R1,R12,R17,R13,R11,R23,R21,R14,R22,R6,R16,R5,R15,R19,R3,R8,R18,R4,R10,R9,R7";"R_0603_1608Metric_Pad0.98x0.95mm_HandSolder";23;"R";;;
